<?xml version="1.0" encoding="utf-8"?>
<modification>
  <name>Complemento Bling</name>
  <code>reds-complemento-bling</code>
	<version>3.0</version>
	<author>REDS</author>
	<link>https://www.agenciaprai.com/</link>
		
    <file path="catalog/model/account/order.php">
			<operation error="skip">
				<search><![CDATA[public function getTotalOrderVouchersByOrderId($order_id) {]]></search>
				<add position="after" offset="4"><![CDATA[
	#################################################
	###########  REDS COMPLEMENTO BLING #############
	#################################################

	//ORDERS BY FILTERS
	public function getAllOrdersFilters($start = 0, $limit = 20, $filters) {
		if ($start < 0) {
			$start = 0;
		}
		if ($limit < 1) {
			$limit = 1;
		}
		$filters = urldecode($filters);
		$filter = explode('|', $filters);
		
		$startDate = $filter[0];
		$finishDate = $filter[1];
		$status = $filter[2];
		
		if(empty($startDate)){
			$startDate = '1969-01-01';
		}
		if(empty($finishDate)){
			$finishDate = date('Y-m-d');
		}
		$sql = "SELECT o.order_id, o.firstname, o.lastname, o.email, o.telephone, o.total, o.currency_code, o.currency_value, o.customer_id,o.date_added,o.payment_firstname,o.payment_lastname,o.payment_company,o.payment_address_1,o.payment_address_2,o.payment_city,o.payment_postcode,o.payment_country,o.payment_zone,o.payment_method,o.payment_code,o.shipping_firstname,o.shipping_lastname,o.shipping_company,o.shipping_address_1,o.shipping_address_2,o.shipping_city,o.shipping_postcode,o.shipping_country,o.shipping_zone,o.shipping_method,o.shipping_code,o.comment, os.name as status
								   FROM `" . DB_PREFIX . "order` o LEFT JOIN " . DB_PREFIX . "order_status os ON (o.order_status_id = os.order_status_id)
								   WHERE ";

		if($status == 'tds'){
			$sql .= "o.order_status_id > 0";
		}else{
			$sql .= "o.order_status_id = '".$status."'";
		}
		$sql .= " AND ( o.date_added BETWEEN '".$startDate."' AND '".$finishDate."')  ORDER BY o.order_id DESC LIMIT " . (int)$start . "," . (int)$limit;
		
		$query = $this->db->query($sql);		
		return $query->rows;
	
	}

	//ORDER BY ID
	public function getOrderId($order_id){
		$query = $this->db->query("SELECT o.order_id, o.firstname, o.customer_id, o.lastname,  o.email, o.telephone, os.name as status, o.date_added, o.total, o.currency_code, o.currency_value, o.payment_firstname,o.payment_lastname,o.payment_company,o.payment_address_1,o.payment_address_2,o.payment_city,o.payment_postcode,o.payment_country,o.payment_zone,o.payment_method,o.payment_code,o.shipping_firstname,o.shipping_lastname,o.shipping_company,o.shipping_address_1,o.shipping_address_2,o.shipping_city,o.shipping_postcode,o.shipping_country,o.shipping_zone,o.shipping_method,o.shipping_code,o.comment 
								   FROM `" . DB_PREFIX . "order` o LEFT JOIN " . DB_PREFIX . "order_status os ON (o.order_status_id = os.order_status_id)  
								   WHERE o.order_id = '".$order_id."'"
								);
		return $query->rows;
	}
	
	//GETTING COUPON BY ORDER
	public function getCouponByOrder($order_id){
		$query = $this->db->query("SELECT  ot.value as valueCoupon, ot.code as codeCoupon
								   FROM " . DB_PREFIX . "order_total ot
								   WHERE ot.order_id = '".$order_id."'  AND (ot.code = 'coupon' or  ot.code = 'cupom') 
								   GROUP BY ot.value"
								  );
		return $query->rows;
	}
	
	//GETTING SHIPPING PRICE BY ORDER
	public function getShippingByOrder($order_id){
		$query = $this->db->query("SELECT  ot.value as valueShipping, ot.code as codeShipping
								   FROM " . DB_PREFIX . "order oo, " . DB_PREFIX . "order_total ot
								   WHERE ot.order_id = '".$order_id."' AND ( ot.code ='shipping' or ot.code = 'frete')
							 	   GROUP BY ot.value"
		);
		return $query->rows;
	}
	
	
	//PRODUCTS BY ID ORDER
	public function getProductOrderId($order_id){
		$query = $this->db->query("SELECT o.order_product_id, o.product_id, o.order_id, o.name, o.model, o.quantity, o.price, o.total, o.tax, o.reward, p.sku
					   FROM `" . DB_PREFIX . "order_product` o LEFT JOIN " . DB_PREFIX . "product p ON (o.product_id = p.product_id) 
					   WHERE `order_id` = '".$order_id."'"
					);
		return $query->rows;
	}

	//Get products variations in order
	public function getVariation($parameters){
		$query = $this->db->query("SELECT op.name as variationName, oo.name as nomeTipoVariacao, oo.value as tipoVariacao, opov.price as precoVaricao,  opov.price_prefix as prefixPrecoVaricao,  opov.weight as pesoVaricao, opov.weight_prefix as prefixPesoVaricao
				           FROM " . DB_PREFIX . "order_product op LEFT JOIN " . DB_PREFIX . "order_option oo ON (op.order_product_id = oo.order_product_id ) 
					   LEFT JOIN " . DB_PREFIX . "product_option_value  opov ON (oo.product_option_value_id = opov.product_option_value_id) 
					   WHERE op.order_id = '".$parameters['order_id']."' AND op.order_product_id = '".$parameters['order_product_id']."' AND oo.order_product_id is not null");
		
		return $query->rows;
	}

				]]></add>
			</operation>
    </file>
		
		<file path="catalog/model/catalog/product.php">
			<operation error="skip">
				<search><![CDATA[public function getTotalProductSpecials() {]]></search>
				<add position="after" offset="8"><![CDATA[
	#################################################
	###########  REDS COMPLEMENTO BLING #############
	#################################################

	//Plugin
	public function getAllProduct(){
		$query = $this->db->query("SELECT pd.product_id, pd.name, pd.description, p.model, p.sku, p.quantity, p.price, p.weight, p.length, p.width, p.height,p.date_added, pa.text AS attribute 					
								   FROM " . DB_PREFIX . "product p LEFT JOIN  " . DB_PREFIX . "product_description pd ON pd.product_id = p.product_id LEFT JOIN  " . DB_PREFIX . "product_attribute pa ON  pa.product_id = p.product_id 							   
								   GROUP BY p.product_id"
							      );
		return $query->rows;
	}
	
	//Products by filters
	public function getAllProductFilters($filters){
		$filters = urldecode($filters);
		$filter = explode('|', $filters);
		$startDate = $filter[0];
		$finishDate = $filter[1];
		
		if($startDate == date('Y-m-d')){
			$d = date('d') +1;
			$y = date('Y');
			$m = date('m'); 
			$finishDate = $y."-".$m ."-".$d;
		}

		$query = $this->db->query("SELECT pd.product_id, pd.name, pd.description, p.model, p.sku, p.quantity, p.price, p.weight, p.length, p.width, p.height,p.date_added, pa.text AS attribute 					
								   FROM " . DB_PREFIX . "product p LEFT JOIN  " . DB_PREFIX . "product_description pd ON pd.product_id = p.product_id LEFT JOIN  " . DB_PREFIX . "product_attribute pa ON  pa.product_id = p.product_id 							   
								   WHERE p.date_added BETWEEN '".$startDate."' AND '".$finishDate."'  AND p.status = '1'   							  
								   GROUP BY p.product_id"
		);
		return $query->rows;
	}
	
	
	//Products by filters
	public function getCountProduct(){
		$query = $this->db->query("SELECT COUNT(product_id) as NrProducts FROM " . DB_PREFIX . "product ");
		return $query->rows;
	}

	//Insert products
	public function insert_oc_products($parameter){
			if(strlen($parameter->descricaoComplementar) > 64){
				$parameter->descricaoComplementar = substr($parameter->descricaoComplementar, 0, 64);
			}
						
			$idProd = (int)$parameter->id;
			if($idProd == 0){
				$sql = $this->db->query("INSERT INTO " . DB_PREFIX . "product (model, sku, upc, ean, jan, isbn, mpn, location, quantity, stock_status_id, image, manufacturer_id, shipping, price, points, tax_class_id, date_available, weight, weight_class_id, length, width, height, length_class_id, subtract, minimum, sort_order, status, viewed, date_added, date_modified ) 
					     		 VALUES ('".strip_tags($parameter->descricaoComplementar)."', '".strip_tags($parameter->codigo)."','','','','','','','".$parameter->estoqueAtual."','1','','0','0','".$parameter->preco."','0', '9','".date('Y-m-d')."', '".$parameter->peso."',	'1','".$parameter->profundidadeProduto."','".$parameter->larguraProduto."','".$parameter->alturaProduto."','1','0','1','0','1','0', NOW(), NOW())");
				
				$query = $this->db->query("SELECT model, sku, quantity, MAX(product_id) as maximo FROM `" . DB_PREFIX . "product`");
				return $query->rows;
			}else{
				$sql = $this->db->query("UPDATE " . DB_PREFIX . "product SET	model = '".strip_tags($parameter->descricaoComplementar)."', sku = '".strip_tags($parameter->codigo)."', quantity = '".$parameter->estoqueAtual."', price = '".$parameter->preco."', weight = '".$parameter->peso."', length = '".$parameter->profundidadeProduto."', width = '".$parameter->larguraProduto."', height = '".$parameter->alturaProduto."', date_modified = NOW()  WHERE product_id = '" . $idProd."'");
				return array('id' => $idProd, 'returnUp' => $sql);			
			}
	}		
	
	public function update_oc_description($parameter, $id){
		$sql = $this->db->query("UPDATE " . DB_PREFIX . "product_description SET `name` =  '".strip_tags($parameter->nome)."', `description` = '".htmlentities($parameter->descricaoComplementar)."' WHERE `product_id` = '".$id."'");
		return $sql;
	}
	
	public function insert_oc_description($parameter, $id){
		$sql = $this->db->query("INSERT INTO " . DB_PREFIX . "product_description (`product_id`, `language_id`, `name`, `description`, `tag`, `meta_title`, `meta_description`, `meta_keyword`)
			   		 VALUES('".$id."','". (int)$this->config->get('config_language_id')."','".strip_tags($parameter->nome)."','".htmlentities($parameter->descricaoComplementar)."','','','','')");
		
		$query = $this->db->query("SELECT MAX(product_id) as idMax FROM " . DB_PREFIX . "product_description");
		return $query->rows;
	}

	public function delete_oc_products($id){
		$del = $this->db->query("DELETE FROM `" . DB_PREFIX . "product` WHERE product_id = '".$id."'");
		return true;
	}

	//Get products variations
	public function getVariation($parameters){

		$query = $this->db->query("SELECT pd.name as variationName, od.name as nomeTipoVariacao,  ovd.name as tipoVariacao, pov.quantity as quantidadeVariacao, pov.price as precoVaricao, pov.price_prefix as prefixPrecoVaricao,  pov.weight as   pesoVaricao, pov.weight_prefix as prefixPesoVaricao, pov.product_option_value_id as idVariation
					   FROM " . DB_PREFIX . "option_description od 
					   LEFT JOIN " . DB_PREFIX . "option_value_description ovd ON ( od.option_id = ovd.option_id )
					   LEFT JOIN " . DB_PREFIX . "product_option_value pov ON ( ovd.option_value_id = pov.option_value_id )
					   LEFT JOIN " . DB_PREFIX . "product_description pd ON ( pov.product_id = pd.product_id )
			   		   WHERE pd.product_id = '".$parameters['product_id']."'");
				return $query->rows;
	}
	
	public function update_stock_product($id, $qtd){
		$up = $this->db->query("UPDATE `" . DB_PREFIX . "product` SET `quantity`= '" . $qtd . "' WHERE  `product_id` = '" . $id . "'");
		if($up){
			return true;
		}else{
			return false;
		}	
	}
	
	public function update_stock_variation($id, $qtd){
		$up = $this->db->query("UPDATE `" . DB_PREFIX . "product_option_value` SET `quantity`= '" . $qtd . "' WHERE  `product_option_value_id` = '" . $id . "' ");
		if($up){
			return true;
		}else{
			return false;
		}		
	}

	public function update_price_product($id, $price){
		$up = $this->db->query("UPDATE `" . DB_PREFIX . "product` SET `price`= '" . $price . "' WHERE  `product_id` = '" . $id . "'");
		if($up){
			return true;
		}else{
			return false;
		}	
	}
	
	public function update_price_variation($id, $price){
		$up = $this->db->query("UPDATE `" . DB_PREFIX . "product_option_value` SET `price`= '" . $price . "' WHERE  `product_option_value_id` = '" . $id . "' ");
		if($up){
			return true;
		}else{
			return false;
		}		
	}
				]]></add>
			</operation>
    </file>
</modification>